<?xml version="1.0" encoding="UTF-8"?>
<project-private xmlns="http://www.netbeans.org/ns/project-private/1">
    <editor-bookmarks xmlns="http://www.netbeans.org/ns/editor-bookmarks/2" lastBookmarkId="0"/>
    <open-files xmlns="http://www.netbeans.org/ns/projectui-open-files/2">
        <group>
            <file>file:/C:/Java3/AdminPage/src/java/Business/ChiroBO.java</file>
            <file>file:/C:/Java3/AdminPage/web/InsertSuccess.jsp</file>
            <file>file:/C:/Java3/AdminPage/web/Deletesuccess.jsp</file>
            <file>file:/C:/Java3/AdminPage/web/Assets/css/bootstrap.css</file>
            <file>file:/C:/Java3/AdminPage/web/AddChiro.jsp</file>
            <file>file:/C:/Java3/AdminPage/src/java/AddServlet.java</file>
            <file>file:/C:/Java3/AdminPage/web/DeleteChiro.jsp</file>
            <file>file:/C:/Java3/AdminPage/web/Adminhome.html</file>
            <file>file:/C:/Java3/AdminPage/web/Assets/css/theme.css</file>
            <file>file:/C:/Java3/AdminPage/nbproject/build-impl.xml</file>
            <file>file:/C:/Java3/AdminPage/src/java/DeleteServlet.java</file>
            <file>file:/C:/Java3/AdminPage/web/Assets/css/maicons.css</file>
        </group>
    </open-files>
</project-private>
